status	url	local_path	bytes	content_type	error
downloaded	https://images.unsplash.com/photo-1451187580459-43490279c0fa?w=600&q=80&fit=crop	assets/photo-1451187580459-43490279c0fa-d4c5c62a4765.jpg	41754	image/jpeg	
downloaded	https://images.unsplash.com/photo-1518770660439-4636190af475?w=400&q=80&fit=crop	assets/photo-1518770660439-4636190af475-331490942f3d.jpg	28258	image/jpeg	
downloaded	https://images.unsplash.com/photo-1526374965328-7f61d4dc18c5?w=400&q=80&fit=crop	assets/photo-1526374965328-7f61d4dc18c5-d7ba4ddbeb7e.jpg	32055	image/jpeg	
downloaded	https://images.unsplash.com/photo-1620712943543-bcc4688e7485?w=600&q=75&auto=format&fit=crop	assets/photo-1620712943543-bcc4688e7485-a446e4227f55.jpg	133868	image/jpeg	
failed	https://res.cloudinary.com/de6izpjix/image/upload/v1776464876/ailens-logo-1_bbohlv.png		0		<HTTPError 401: 'Unauthorized'>
ignored	https://images.unsplash.com		0		invalid/incomplete media URL
failed	https://res.cloudinary.com/de6izpjix/image/upload/v1776461428/1000030609-ezremove_vqnf81.png		0		<HTTPError 401: 'Unauthorized'>
downloaded	https://images.unsplash.com/photo-1518770660439-4636190af475?w=600&q=75&auto=format&fit=crop	assets/photo-1518770660439-4636190af475-06a24867370c.jpg	52709	image/jpeg	
failed	https://res.cloudinary.com/de6izpjix/image/upload/v1776457365/pixelskits-logo-3_wkcdgs.png		0		<HTTPError 401: 'Unauthorized'>
failed	https://res.cloudinary.com/de6izpjix/image/upload/v1776457298/anioracle-logo-3_uhu46y.png		0		<HTTPError 401: 'Unauthorized'>
failed	https://res.cloudinary.com/de6izpjix/image/upload/v1776082454/grok_image_1776082340032_xgetbl.jpg		0		<HTTPError 401: 'Unauthorized'>
failed	https://res.cloudinary.com/de6izpjix/video/upload/v1776081351/InShot_20260413_170844585_y5b9v6.mp4		0		<HTTPError 401: 'Unauthorized'>
downloaded	https://images.unsplash.com/photo-1676299081847-824916de030a?w=600&q=75&auto=format&fit=crop	assets/photo-1676299081847-824916de030a-123e3e6b7df5.jpg	30060	image/jpeg	
failed	https://res.cloudinary.com/de6izpjix/video/upload/v1776163296/InShot_20260414_160549852_r13vqv.mp4		0		<HTTPError 401: 'Unauthorized'>
failed	https://res.cloudinary.com/de6izpjix/video/upload/v1776091284/InShot_20260413_200638496_rdprfe.mp4		0		<HTTPError 401: 'Unauthorized'>
failed	https://res.cloudinary.com/de6izpjix/video/upload/v1776245813/InShot_20260415_011424782_xf9k5w.mp4		0		<HTTPError 401: 'Unauthorized'>
failed	https://res.cloudinary.com/de6izpjix/image/upload/v1776081166/grok_image_1776069468041_2_dxmln0.jpg		0		<HTTPError 401: 'Unauthorized'>
failed	https://res.cloudinary.com/de6izpjix/video/upload/v1776245989/InShot_20260415_011527101_u2at67.mp4		0		<HTTPError 401: 'Unauthorized'>
failed	https://res.cloudinary.com/de6izpjix/image/upload/v1776081283/grok_image_1776072633620_2_wvplqr.jpg		0		<HTTPError 401: 'Unauthorized'>
failed	https://res.cloudinary.com/de6izpjix/image/upload/v1776081300/grok_image_1776072753695_2_wdmi5n.jpg		0		<HTTPError 401: 'Unauthorized'>
failed	https://res.cloudinary.com/de6izpjix/image/upload/v1776081270/grok_image_1776072166867_3_ec7v1b.jpg		0		<HTTPError 401: 'Unauthorized'>
failed	https://res.cloudinary.com/de6izpjix/image/upload/v1776082424/grok_image_1776082347691_n5eyew.jpg		0		<HTTPError 401: 'Unauthorized'>
downloaded	https://images.unsplash.com/photo-1677442136019-21780ecad995?w=600&q=75&auto=format&fit=crop	assets/photo-1677442136019-21780ecad995-c5aa564323d7.jpg	66676	image/jpeg	
downloaded	https://images.unsplash.com/photo-1535378620166-273708d44e4c?w=600&q=75&auto=format&fit=crop	assets/photo-1535378620166-273708d44e4c-f3f636cfb73e.jpg	22728	image/jpeg	
downloaded	https://images.unsplash.com/photo-1620641788421-7a1c342ea42e?w=600&q=75&auto=format&fit=crop	assets/photo-1620641788421-7a1c342ea42e-db4f69426743.jpg	10278	image/jpeg	
failed	https://res.cloudinary.com/de6izpjix/image/upload/v1776081216/grok_image_1776069798831_2_dttxgi.jpg		0		<HTTPError 401: 'Unauthorized'>
failed	https://res.cloudinary.com/de6izpjix/image/upload/v1776081187/grok_image_1776069462175_2_lwplun.jpg		0		<HTTPError 401: 'Unauthorized'>
failed	https://res.cloudinary.com/de6izpjix/video/upload/v1776246011/InShot_20260415_144040824_datv3j.mp4		0		<HTTPError 401: 'Unauthorized'>
failed	https://res.cloudinary.com/de6izpjix/image/upload/v1776246373/grok_image_1776195564795_2_kkkk4c.jpg		0		<HTTPError 401: 'Unauthorized'>
failed	https://res.cloudinary.com/de6izpjix/image/upload/v1776412567/grok_image_1776412100916_2_hzp4k6.jpg		0		<HTTPError 401: 'Unauthorized'>
failed	https://res.cloudinary.com/de6izpjix/image/upload/v1776412567/grok_image_1776411940166_2_vp40mt.jpg		0		<HTTPError 401: 'Unauthorized'>
failed	https://res.cloudinary.com/de6izpjix/image/upload/v1776412567/grok_image_1776411973694_2_qwvwnn.jpg		0		<HTTPError 401: 'Unauthorized'>
failed	https://res.cloudinary.com/de6izpjix/image/upload/v1776412567/grok_image_1776412009580_2_jd1wcx.jpg		0		<HTTPError 401: 'Unauthorized'>
failed	https://res.cloudinary.com/de6izpjix/image/upload/v1776412567/grok_image_1776412066580_2_bl18ap.jpg		0		<HTTPError 401: 'Unauthorized'>
failed	https://res.cloudinary.com/de6izpjix/video/upload/v1776246072/InShot_20260415_144441347_gnraag.mp4		0		<HTTPError 401: 'Unauthorized'>
failed	https://res.cloudinary.com/de6izpjix/image/upload/v1776416659/grok_image_1776416529065_2_jocsna.jpg		0		<HTTPError 401: 'Unauthorized'>
failed	https://res.cloudinary.com/de6izpjix/image/upload/v1776246669/grok_image_1776194821358_2_bwf0vc.jpg		0		<HTTPError 401: 'Unauthorized'>
downloaded	https://images.unsplash.com/photo-1547036967-23d11aacaee0?w=600&q=75&auto=format&fit=crop	assets/photo-1547036967-23d11aacaee0-e2ef990050b7.jpg	206896	image/jpeg	
downloaded	https://images.unsplash.com/photo-1579546929518-9e396f3cc809?w=600&q=75&auto=format&fit=crop	assets/photo-1579546929518-9e396f3cc809-6f6c10392401.jpg	13201	image/jpeg	
downloaded	https://images.unsplash.com/photo-1506905925346-21bda4d32df4?w=600&q=75&auto=format&fit=crop	assets/photo-1506905925346-21bda4d32df4-d15d82df219c.jpg	40061	image/jpeg	
downloaded	https://images.unsplash.com/photo-1501854140801-50d01698950b?w=600&q=75&auto=format&fit=crop	assets/photo-1501854140801-50d01698950b-aff4d178b0a4.jpg	59064	image/jpeg	
downloaded	https://images.unsplash.com/photo-1682695794947-17061dc284dd?w=600&q=75&auto=format&fit=crop	assets/photo-1682695794947-17061dc284dd-b9fbb261eb58.jpg	81929	image/jpeg	
downloaded	https://images.unsplash.com/photo-1617791160505-6f00504e3519?w=600&q=75&auto=format&fit=crop	assets/photo-1617791160505-6f00504e3519-baba496beb51.jpg	30533	image/jpeg	
downloaded	https://images.unsplash.com/photo-1541701494587-cb58502866ab?w=600&q=75&auto=format&fit=crop	assets/photo-1541701494587-cb58502866ab-dee548a94d62.jpg	68755	image/jpeg	
failed	https://res.cloudinary.com/de6izpjix/video/upload/v1776091302/InShot_20260413_200749024_uviadt.mp4		0		<HTTPError 401: 'Unauthorized'>
failed	https://res.cloudinary.com/de6izpjix/video/upload/v1776246106/InShot_20260415_144203481_oqq0ic.mp4		0		<HTTPError 401: 'Unauthorized'>
failed	https://res.cloudinary.com/de6izpjix/video/upload/v1776246141/InShot_20260415_144608850_f5m4ew.mp4		0		<HTTPError 401: 'Unauthorized'>
downloaded	https://images.unsplash.com/photo-1478720568477-152d9b164e26?w=600&q=75&auto=format&fit=crop	assets/photo-1478720568477-152d9b164e26-964780fb9403.jpg	34056	image/jpeg	
failed	https://res.cloudinary.com/de6izpjix/image/upload/v1776454053/1000032011-ezremove_a15uis.png		0		<HTTPError 401: 'Unauthorized'>
failed	https://res.cloudinary.com/de6izpjix/image/upload/v1776454053/grok_image_1776418238008_o0gj97.jpg		0		<HTTPError 401: 'Unauthorized'>
failed	https://res.cloudinary.com/de6izpjix/image/upload/v1776456722/grok_image_1776456089727_2_vpv9xl.jpg		0		<HTTPError 401: 'Unauthorized'>
failed	https://res.cloudinary.com/de6izpjix/image/upload/v1776456722/grok_image_1776455499089_s0ign7.jpg		0		<HTTPError 401: 'Unauthorized'>
failed	https://res.cloudinary.com/de6izpjix/image/upload/v1776456722/grok_image_1776455708896_2_tyrmx9.jpg		0		<HTTPError 401: 'Unauthorized'>
failed	https://res.cloudinary.com/de6izpjix/image/upload/v1776456725/grok_image_1776456094911_2_stkx0p.jpg		0		<HTTPError 401: 'Unauthorized'>
failed	https://res.cloudinary.com/de6izpjix/image/upload/v1776456723/grok_image_1776455956737_q3xjcf.jpg		0		<HTTPError 401: 'Unauthorized'>
failed	https://res.cloudinary.com/de6izpjix/image/upload/v1776456720/grok_image_1776455949447_cdcn5l.jpg		0		<HTTPError 401: 'Unauthorized'>
failed	https://res.cloudinary.com/de6izpjix/image/upload/v1776454054/grok_image_1776418577702_zepgvs.jpg		0		<HTTPError 401: 'Unauthorized'>
failed	https://res.cloudinary.com/de6izpjix/image/upload/v1776454055/grok_image_1776450315390_r455zg.jpg		0		<HTTPError 401: 'Unauthorized'>
failed	https://res.cloudinary.com/de6izpjix/image/upload/v1776454053/grok_image_1776418421703_rskmm5.jpg		0		<HTTPError 401: 'Unauthorized'>
failed	https://res.cloudinary.com/de6izpjix/image/upload/v1776454056/image-74_dufnwn.jpg		0		<HTTPError 401: 'Unauthorized'>
failed	https://res.cloudinary.com/de6izpjix/image/upload/v1776454055/grok_image_1776450123258_mibwu6.jpg		0		<HTTPError 401: 'Unauthorized'>
failed	https://res.cloudinary.com/de6izpjix/image/upload/v1776454053/grok_image_1776448897741_fsk8yu.jpg		0		<HTTPError 401: 'Unauthorized'>
failed	https://res.cloudinary.com/de6izpjix/image/upload/v1776454055/grok_image_1776450034004_odlifo.jpg		0		<HTTPError 401: 'Unauthorized'>
failed	https://res.cloudinary.com/de6izpjix/image/upload/v1776454055/image-104_elnrcf.jpg		0		<HTTPError 401: 'Unauthorized'>
failed	https://res.cloudinary.com/de6izpjix/image/upload/v1776454054/grok_image_1776449285311_x7wos8.jpg		0		<HTTPError 401: 'Unauthorized'>
failed	https://res.cloudinary.com/de6izpjix/image/upload/v1776454053/grok_image_1776449241229_omsyuz.jpg		0		<HTTPError 401: 'Unauthorized'>
failed	https://res.cloudinary.com/de6izpjix/image/upload/v1776456723/grok_image_1776455932147_2_n6ieow.jpg		0		<HTTPError 401: 'Unauthorized'>
downloaded	https://images.unsplash.com/photo-1551434678-e076c223a692?w=600&q=75&auto=format&fit=crop	assets/photo-1551434678-e076c223a692-738469cdfdc7.jpg	59523	image/jpeg	
downloaded	https://images.unsplash.com/photo-1580927752452-89d86da3fa0a?w=600&q=75&auto=format&fit=crop	assets/photo-1580927752452-89d86da3fa0a-1250999ba449.jpg	25759	image/jpeg	
downloaded	https://images.unsplash.com/photo-1589254065878-42c9da997008?w=600&q=75&auto=format&fit=crop	assets/photo-1589254065878-42c9da997008-9c71268bd1d4.jpg	36070	image/jpeg	
downloaded	https://images.unsplash.com/photo-1526374965328-7f61d4dc18c5?w=600&q=75&auto=format&fit=crop	assets/photo-1526374965328-7f61d4dc18c5-919c7a364d17.jpg	59253	image/jpeg	
downloaded	https://images.unsplash.com/photo-1504639725590-34d0984388bd?w=600&q=75&auto=format&fit=crop	assets/photo-1504639725590-34d0984388bd-094842bf44a1.jpg	48040	image/jpeg	
failed	https://res.cloudinary.com/de6izpjix/video/upload/v1776319086/InShot_20260415_195611402_x87vpr.mp4		0		<HTTPError 401: 'Unauthorized'>
downloaded	https://res.cloudinary.com/dkzxw33ln/image/upload/q_auto/f_auto/v1776022046/grok_image_1776021675793_qqkwtq.jpg	assets/grok_image_1776021675793_qqkwtq-6c2d90cf03ca.jpg	81873	image/jpeg	
downloaded	https://res.cloudinary.com/dkzxw33ln/image/upload/q_auto/f_auto/v1776022063/grok_image_1776021804035_hpbfia.jpg	assets/grok_image_1776021804035_hpbfia-dada926c799f.jpg	71040	image/jpeg	
downloaded	https://res.cloudinary.com/dkzxw33ln/image/upload/q_auto/f_auto/v1776022075/grok_image_1776021762746_ydkh0l.jpg	assets/grok_image_1776021762746_ydkh0l-9730f7f7b678.jpg	85167	image/jpeg	
downloaded	https://res.cloudinary.com/dkzxw33ln/image/upload/q_auto/f_auto/v1776022095/grok_image_1776021682604_itvoyw.jpg	assets/grok_image_1776021682604_itvoyw-c27d0fb8bda9.jpg	76713	image/jpeg	
failed	https://res.cloudinary.com/de6izpjix/video/upload/v1776319085/InShot_20260415_195259052_ef2ypb.mp4		0		<HTTPError 401: 'Unauthorized'>
downloaded	https://res.cloudinary.com/dkzxw33ln/image/upload/q_auto/f_auto/v1776021193/grok_image_1776020291352_yg2ix5.jpg	assets/grok_image_1776020291352_yg2ix5-a2890017aa46.jpg	79348	image/jpeg	
downloaded	https://res.cloudinary.com/dkzxw33ln/image/upload/q_auto/f_auto/v1776021204/grok_image_1776020324708_glfwrx.jpg	assets/grok_image_1776020324708_glfwrx-241048f4e7e0.jpg	74259	image/jpeg	
downloaded	https://res.cloudinary.com/dkzxw33ln/image/upload/q_auto/f_auto/v1776021218/grok_image_1776020361706_h9puvt.jpg	assets/grok_image_1776020361706_h9puvt-395c2284edbd.jpg	71142	image/jpeg	
downloaded	https://res.cloudinary.com/dkzxw33ln/image/upload/q_auto/f_auto/v1776021976/grok_image_1776021864268_eykhlt.jpg	assets/grok_image_1776021864268_eykhlt-3770044017c6.jpg	99376	image/jpeg	
downloaded	https://res.cloudinary.com/dkzxw33ln/image/upload/q_auto/f_auto/v1776021986/grok_image_1776021869225_hgefiv.jpg	assets/grok_image_1776021869225_hgefiv-5841383bddcc.jpg	97847	image/jpeg	
downloaded	https://res.cloudinary.com/dkzxw33ln/image/upload/q_auto/f_auto/v1776021995/grok_image_1776021873885_g3mo4a.jpg	assets/grok_image_1776021873885_g3mo4a-31ea2301068c.jpg	103838	image/jpeg	
downloaded	https://res.cloudinary.com/dkzxw33ln/image/upload/q_auto/f_auto/v1776022003/grok_image_1776021894062_eu9h1f.jpg	assets/grok_image_1776021894062_eu9h1f-ac93177ca015.jpg	101389	image/jpeg	
downloaded	https://res.cloudinary.com/dkzxw33ln/image/upload/q_auto/f_auto/v1776022025/grok_image_1776021899922_hiiucg.jpg	assets/grok_image_1776021899922_hiiucg-9f4f01f1a57d.jpg	94813	image/jpeg	
downloaded	https://res.cloudinary.com/dkzxw33ln/image/upload/q_auto/f_auto/v1776021228/grok_image_1776020391153_vyrn52.jpg	assets/grok_image_1776020391153_vyrn52-a9cf8503d2ef.jpg	83385	image/jpeg	
downloaded	https://res.cloudinary.com/dkzxw33ln/image/upload/q_auto/f_auto/v1776021238/grok_image_1776020498721_tp3fov.jpg	assets/grok_image_1776020498721_tp3fov-239a19cfd834.jpg	71806	image/jpeg	
downloaded	https://res.cloudinary.com/dkzxw33ln/image/upload/q_auto/f_auto/v1776021247/grok_image_1776020532363_nfqatb.jpg	assets/grok_image_1776020532363_nfqatb-364948b5271a.jpg	74228	image/jpeg	
downloaded	https://res.cloudinary.com/dkzxw33ln/image/upload/q_auto/f_auto/v1776021260/grok_image_1776020536072_un10sz.jpg	assets/grok_image_1776020536072_un10sz-6310c8f2df44.jpg	72265	image/jpeg	
failed	https://res.cloudinary.com/de6izpjix/image/upload/v1776319070/grok_image_1776257416499_2_qem4e1.jpg		0		<HTTPError 401: 'Unauthorized'>
downloaded	https://images.unsplash.com/photo-1518770660439-4636190af475?w=600&q=80&fit=crop	assets/photo-1518770660439-4636190af475-2a5622b2339c.jpg	52709	image/jpeg	
downloaded	https://images.unsplash.com/photo-1677442135703-1787eea5ce01?w=300&q=80&fit=crop	assets/photo-1677442135703-1787eea5ce01-6bf85c6ca627.jpg	24328	image/jpeg	
downloaded	https://images.unsplash.com/photo-1620641788421-7a1c342ea42e?w=300&q=80&fit=crop	assets/photo-1620641788421-7a1c342ea42e-95ca9d1ee46e.jpg	4677	image/jpeg	
downloaded	https://images.unsplash.com/photo-1551288049-bebda4e38f71?w=300&q=80&fit=crop	assets/photo-1551288049-bebda4e38f71-801bbf71d14a.jpg	18631	image/jpeg	
downloaded	https://images.unsplash.com/photo-1558618666-fcd25c85cd64?w=300&q=80&fit=crop	assets/photo-1558618666-fcd25c85cd64-c9c3c04b576b.jpg	15526	image/jpeg	
downloaded	https://images.unsplash.com/photo-1526374965328-7f61d4dc18c5?w=300&q=80&fit=crop	assets/photo-1526374965328-7f61d4dc18c5-df4c15b66cdc.jpg	20583	image/jpeg	
downloaded	https://res.cloudinary.com/dkzxw33ln/image/upload/v1776021173/grok_image_1776020244523_ydghh4.jpg	assets/grok_image_1776020244523_ydghh4-e8d8ba0f1f82.jpg	240977	image/jpeg	
downloaded	https://res.cloudinary.com/dkzxw33ln/image/upload/v1776021183/grok_image_1776020283383_lmlya8.jpg	assets/grok_image_1776020283383_lmlya8-ccc5132b839f.jpg	244761	image/jpeg	
downloaded	https://res.cloudinary.com/dkzxw33ln/image/upload/q_auto/f_auto/v1776021288/grok_image_1776020599513_er6hll.jpg	assets/grok_image_1776020599513_er6hll-de98ea63bc67.jpg	68001	image/jpeg	
downloaded	https://images.unsplash.com/photo-1470468969717-61d5d54fd036?w=500&q=85&fit=crop&crop=top	assets/photo-1470468969717-61d5d54fd036-0ffdd2a1858b.jpg	29361	image/jpeg	
downloaded	https://res.cloudinary.com/dkzxw33ln/image/upload/q_auto/f_auto/v1776021270/grok_image_1776020582386_wwoqf6.jpg	assets/grok_image_1776020582386_wwoqf6-9c48607c0b1c.jpg	67384	image/jpeg	
downloaded	https://res.cloudinary.com/dkzxw33ln/image/upload/q_auto/f_auto/v1776021280/grok_image_1776020592944_hps3qb.jpg	assets/grok_image_1776020592944_hps3qb-d205ffd4be40.jpg	86508	image/jpeg	
failed	https://res.cloudinary.com/de6izpjix/video/upload/v1776246183/InShot_20260415_144714533_mcqh0r.mp4		0		<HTTPError 401: 'Unauthorized'>
failed	https://res.cloudinary.com/de6izpjix/video/upload/v1776246225/InShot_20260415_144816435_biwhce.mp4		0		<HTTPError 401: 'Unauthorized'>
failed	https://res.cloudinary.com/de6izpjix/image/upload/v1776246670/grok_image_1776195120583_dabqqx.jpg		0		<HTTPError 401: 'Unauthorized'>
downloaded	https://images.unsplash.com/photo-1485827404703-89b55fcc595e?w=600&q=80&fit=crop	assets/photo-1485827404703-89b55fcc595e-609bb2242c8b.jpg	34221	image/jpeg	
downloaded	https://images.unsplash.com/photo-1555066931-4365d14bab8c?w=600&q=80&fit=crop	assets/photo-1555066931-4365d14bab8c-d946efc6ca66.jpg	36215	image/jpeg	
downloaded	https://images.unsplash.com/photo-1551288049-bebda4e38f71?w=600&q=80&fit=crop	assets/photo-1551288049-bebda4e38f71-62f747e55a40.jpg	45255	image/jpeg	
downloaded	https://images.unsplash.com/photo-1484807352052-23338990c6c6?w=600&q=80&fit=crop	assets/photo-1484807352052-23338990c6c6-e6122ee306f1.jpg	31366	image/jpeg	
failed	https://res.cloudinary.com/de6izpjix/image/upload/v1776246670/grok_image_1776195287541_4_cu1unr.jpg		0		<HTTPError 401: 'Unauthorized'>
failed	https://res.cloudinary.com/de6izpjix/image/upload/v1776246670/grok_image_1776195282223_2_jtou7o.jpg		0		<HTTPError 401: 'Unauthorized'>
downloaded	https://images.unsplash.com/photo-1573804633927-bfcbcd909acd?w=600&q=75&auto=format&fit=crop	assets/photo-1573804633927-bfcbcd909acd-2cb49d489f6f.jpg	38961	image/jpeg	
downloaded	https://images.unsplash.com/photo-1462332420958-a05d1e002413?w=600&q=75&auto=format&fit=crop	assets/photo-1462332420958-a05d1e002413-af236e53f556.jpg	25758	image/jpeg	
failed	https://res.cloudinary.com/de6izpjix/image/upload/v1776246670/grok_image_1776195287541_3_lp2ztf.jpg		0		<HTTPError 401: 'Unauthorized'>
downloaded	https://images.unsplash.com/photo-1600880292203-757bb62b4baf?w=600&q=80&fit=crop	assets/photo-1600880292203-757bb62b4baf-bb4712894ec4.jpg	54209	image/jpeg	
downloaded	https://images.unsplash.com/photo-1553877522-43269d4ea984?w=600&q=80&fit=crop	assets/photo-1553877522-43269d4ea984-5f23cdee820c.jpg	32912	image/jpeg	
downloaded	https://images.unsplash.com/photo-1542744173-8e7e53415bb0?w=600&q=80&fit=crop	assets/photo-1542744173-8e7e53415bb0-45b10315a085.jpg	60518	image/jpeg	
downloaded	https://images.unsplash.com/photo-1531403009284-440f080d1e12?w=600&q=80&fit=crop	assets/photo-1531403009284-440f080d1e12-2f8fbb183c64.jpg	36062	image/jpeg	
downloaded	https://images.unsplash.com/photo-1456513080510-7bf3a84b82f8?w=600&q=80&fit=crop	assets/photo-1456513080510-7bf3a84b82f8-0484b34a59b9.jpg	38195	image/jpeg	
failed	https://res.cloudinary.com/de6izpjix/image/upload/v1776246671/grok_image_1776195490130_2_m95min.jpg		0		<HTTPError 401: 'Unauthorized'>
downloaded	https://images.unsplash.com/photo-1506905925346-21bda4d32df4?w=600&q=80&fit=crop	assets/photo-1506905925346-21bda4d32df4-dc1aefd98cdb.jpg	40061	image/jpeg	
failed	https://images.unsplash.com/photo-1558618047-3c8c76ca7d13?w=600&q=80&fit=crop		0		<HTTPError 404: 'Not Found'>
downloaded	https://images.unsplash.com/photo-1555949963-ff9fe0c870eb?w=600&q=80&fit=crop	assets/photo-1555949963-ff9fe0c870eb-95f5b6203ec7.jpg	28416	image/jpeg	
downloaded	https://images.unsplash.com/photo-1526374965328-7f61d4dc18c5?w=600&q=80&fit=crop	assets/photo-1526374965328-7f61d4dc18c5-e80e60edcec9.jpg	59253	image/jpeg	
failed	https://res.cloudinary.com/de6izpjix/image/upload/v1776246673/grok_image_1776195562995_2_fxlqaw.jpg		0		<HTTPError 401: 'Unauthorized'>
downloaded	https://images.unsplash.com/photo-1611532736597-de2d4265fba3?w=600&q=80&fit=crop	assets/photo-1611532736597-de2d4265fba3-b228b96a1df6.jpg	122826	image/jpeg	
downloaded	https://images.unsplash.com/photo-1497366754035-f200968a6e72?w=600&q=80&fit=crop	assets/photo-1497366754035-f200968a6e72-e4ce9a646f5a.jpg	47063	image/jpeg	
downloaded	https://images.unsplash.com/photo-1542744094-3a31f272c490?w=600&q=80&fit=crop	assets/photo-1542744094-3a31f272c490-13b348e46351.jpg	48468	image/jpeg	
downloaded	https://images.unsplash.com/photo-1516321318423-f06f85e504b3?w=600&q=80&fit=crop	assets/photo-1516321318423-f06f85e504b3-d477149e65c2.jpg	38000	image/jpeg	
failed	https://res.cloudinary.com/de6izpjix/image/upload/v1776246674/grok_image_1776195572730_2_eahicw.jpg		0		<HTTPError 401: 'Unauthorized'>
downloaded	https://images.unsplash.com/photo-1561070791-2526d30994b5?w=600&q=80&fit=crop	assets/photo-1561070791-2526d30994b5-c99845ca02e2.jpg	83259	image/jpeg	
downloaded	https://images.unsplash.com/photo-1547658719-da2b51169166?w=600&q=80&fit=crop	assets/photo-1547658719-da2b51169166-0970de99e967.jpg	99067	image/jpeg	
downloaded	https://images.unsplash.com/photo-1515405295579-ba7b45403062?w=600&q=80&fit=crop	assets/photo-1515405295579-ba7b45403062-c5be80443268.jpg	105316	image/jpeg	
downloaded	https://images.unsplash.com/photo-1558618666-fcd25c85cd64?w=600&q=80&fit=crop	assets/photo-1558618666-fcd25c85cd64-35d0d8bac20c.jpg	35571	image/jpeg	
failed	https://res.cloudinary.com/de6izpjix/video/upload/v1776081137/InShot_20260413_171958572_axeqxr.mp4		0		<HTTPError 401: 'Unauthorized'>
failed	https://res.cloudinary.com/de6izpjix/image/upload/v1776246674/grok_image_1776195579576_2_zzt6nv.jpg		0		<HTTPError 401: 'Unauthorized'>
failed	https://res.cloudinary.com/de6izpjix/video/upload/v1776081099/InShot_20260413_171030799_jshuxb.mp4		0		<HTTPError 401: 'Unauthorized'>
failed	https://res.cloudinary.com/de6izpjix/video/upload/v1776081111/InShot_20260413_171656400_xvaghl.mp4		0		<HTTPError 401: 'Unauthorized'>
failed	https://res.cloudinary.com/de6izpjix/image/upload/v1776246675/grok_image_1776199338082_2_mj6t9t.jpg		0		<HTTPError 401: 'Unauthorized'>
failed	https://res.cloudinary.com/de6izpjix/image/upload/v1776246677/grok_image_1776199427754_2_e2v6ce.jpg		0		<HTTPError 401: 'Unauthorized'>
failed	https://res.cloudinary.com/de6izpjix/image/upload/v1776246675/grok_image_1776199347220_2_kdmzym.jpg		0		<HTTPError 401: 'Unauthorized'>
failed	https://res.cloudinary.com/de6izpjix/image/upload/v1776246677/grok_image_1776199424565_2_qx8fkg.jpg		0		<HTTPError 401: 'Unauthorized'>
failed	https://res.cloudinary.com/de6izpjix/image/upload/v1776246676/grok_image_1776199350237_2_p8v6dm.jpg		0		<HTTPError 401: 'Unauthorized'>
downloaded	https://images.unsplash.com/photo-1558618666-fcd25c85cd64?w=400&q=80&fm=jpg&fit=crop	assets/photo-1558618666-fcd25c85cd64-62ca13f8a859.jpg	21547	image/jpeg	
downloaded	https://images.unsplash.com/photo-1516035069371-29a1b244cc32?w=400&q=80&fm=jpg&fit=crop	assets/photo-1516035069371-29a1b244cc32-4e94c1cd9275.jpg	20281	image/jpeg	
downloaded	https://images.unsplash.com/photo-1611162616475-46b635cb6868?w=400&q=80&fm=jpg&fit=crop	assets/photo-1611162616475-46b635cb6868-9a46ad27c82a.jpg	9629	image/jpeg	
downloaded	https://images.unsplash.com/photo-1626785774625-ddcddc3445e9?w=600&q=85&fm=jpg&fit=crop	assets/photo-1626785774625-ddcddc3445e9-d38caf828efc.jpg	46522	image/jpeg	
downloaded	https://images.unsplash.com/photo-1572375992501-4b0892d50c69?w=600&q=85&fm=jpg&fit=crop	assets/photo-1572375992501-4b0892d50c69-4e94debe320c.jpg	132768	image/jpeg	
downloaded	https://images.unsplash.com/photo-1516035069371-29a1b244cc32?w=600&q=85&fm=jpg&fit=crop	assets/photo-1516035069371-29a1b244cc32-5a65770cc03d.jpg	44569	image/jpeg	
downloaded	https://images.unsplash.com/photo-1558618666-fcd25c85cd64?w=300&q=75&fm=jpg&fit=crop	assets/photo-1558618666-fcd25c85cd64-13ada35ee458.jpg	15526	image/jpeg	
downloaded	https://images.unsplash.com/photo-1611162616475-46b635cb6868?w=300&q=75&fm=jpg&fit=crop	assets/photo-1611162616475-46b635cb6868-24b5dba9f265.jpg	7843	image/jpeg	
downloaded	https://images.unsplash.com/photo-1579783902614-a3fb3927b6a5?w=300&q=75&fm=jpg&fit=crop	assets/photo-1579783902614-a3fb3927b6a5-e26224bd4132.jpg	39094	image/jpeg	
downloaded	https://images.unsplash.com/photo-1512941937669-90a1b58e7e9c?w=300&q=75&fm=jpg&fit=crop	assets/photo-1512941937669-90a1b58e7e9c-a7fc9c5dca08.jpg	18555	image/jpeg	
downloaded	https://images.unsplash.com/photo-1572375992501-4b0892d50c69?w=300&q=75&fm=jpg&fit=crop	assets/photo-1572375992501-4b0892d50c69-54bac38d7511.jpg	37606	image/jpeg	
downloaded	https://images.unsplash.com/photo-1677442135703-1787eea5ce01?w=600&q=80&fit=crop	assets/photo-1677442135703-1787eea5ce01-db730f7b4eb5.jpg	65620	image/jpeg	
downloaded	https://images.unsplash.com/photo-1620712943543-bcc4688e7485?w=600&q=80&fit=crop	assets/photo-1620712943543-bcc4688e7485-d27b8e14cd17.jpg	133868	image/jpeg	
failed	https://images.unsplash.com/photo-1608142192343-c5e5b6ece0ab?w=600&q=80&fit=crop		0		<HTTPError 404: 'Not Found'>
downloaded	https://images.unsplash.com/photo-1573804633927-bfcbcd909acd?w=600&q=80&fit=crop	assets/photo-1573804633927-bfcbcd909acd-6efb827647ff.jpg	38961	image/jpeg	
downloaded	https://images.unsplash.com/photo-1558494949-ef010cbdcc31?w=600&q=80&fit=crop	assets/photo-1558494949-ef010cbdcc31-33a3baa9efa3.jpg	52288	image/jpeg	
downloaded	https://images.unsplash.com/photo-1504711434969-e33886168f5c?w=600&q=80&fit=crop	assets/photo-1504711434969-e33886168f5c-e2614aaa8bbf.jpg	40253	image/jpeg	
downloaded	https://images.unsplash.com/photo-1563986768494-4dee2763ff3f?w=600&q=80&fit=crop	assets/photo-1563986768494-4dee2763ff3f-9f30a0ca58b1.jpg	44818	image/jpeg	
downloaded	https://images.unsplash.com/photo-1677442136019-21780ecad995?w=600&q=80&fit=crop	assets/photo-1677442136019-21780ecad995-aac6dcd7f2be.jpg	66676	image/jpeg	
downloaded	https://images.unsplash.com/photo-1547826039-bfc35e0f1ea8?w=600&q=80&fit=crop	assets/photo-1547826039-bfc35e0f1ea8-a08d656ac997.jpg	96870	image/jpeg	
downloaded	https://images.unsplash.com/photo-1618005182384-a83a8bd57fbe?w=600&q=80&fit=crop	assets/photo-1618005182384-a83a8bd57fbe-16eac4d5df5f.jpg	17964	image/jpeg	
downloaded	https://images.unsplash.com/photo-1531297484001-80022131f5a1?w=600&q=80&fit=crop	assets/photo-1531297484001-80022131f5a1-7c869ecc0760.jpg	16057	image/jpeg	
downloaded	https://images.unsplash.com/photo-1493515322954-4fa727e97985?w=600&q=80&fit=crop	assets/photo-1493515322954-4fa727e97985-8265f0491469.jpg	41902	image/jpeg	
downloaded	https://images.unsplash.com/photo-1590595978583-3967cf17d2ea?w=600&q=80&fit=crop	assets/photo-1590595978583-3967cf17d2ea-08d216c9cc43.jpg	42686	image/jpeg	
downloaded	https://images.unsplash.com/photo-1555396273-367ea4eb4db5?w=600&q=80&fit=crop	assets/photo-1555396273-367ea4eb4db5-f2e76ba99c0d.jpg	88601	image/jpeg	
downloaded	https://images.unsplash.com/photo-1608178398319-48f814d0750c?w=600&q=80&fit=crop	assets/photo-1608178398319-48f814d0750c-64b288408565.jpg	62890	image/jpeg	
downloaded	https://images.unsplash.com/photo-1501854140801-50d01698950b?w=600&q=80&fit=crop	assets/photo-1501854140801-50d01698950b-9564c4ca52a7.jpg	59064	image/jpeg	
failed	https://images.unsplash.com/photo-1536240478700-b869ad10e128?w=600&q=80&fit=crop		0		<HTTPError 404: 'Not Found'>
downloaded	https://images.unsplash.com/photo-1485846234645-a62644f84728?w=600&q=80&fit=crop	assets/photo-1485846234645-a62644f84728-7cba315dd9b2.jpg	38076	image/jpeg	
downloaded	https://images.unsplash.com/photo-1492691527719-9d1e07e534b4?w=600&q=80&fit=crop	assets/photo-1492691527719-9d1e07e534b4-8d0136b5e1b9.jpg	41068	image/jpeg	
downloaded	https://images.unsplash.com/photo-1470225620780-dba8ba36b745?w=600&q=80&fit=crop	assets/photo-1470225620780-dba8ba36b745-6ad0bea7a119.jpg	32901	image/jpeg	
downloaded	https://images.unsplash.com/photo-1440404653325-ab127d49abc1?w=600&q=80&fit=crop	assets/photo-1440404653325-ab127d49abc1-a230a5eb3cd5.jpg	58649	image/jpeg	
downloaded	https://images.unsplash.com/photo-1518929458119-e5bf444c30f4?w=600&q=80&fit=crop	assets/photo-1518929458119-e5bf444c30f4-4de8b74a0cc3.jpg	73836	image/jpeg	
downloaded	https://images.unsplash.com/photo-1620641788421-7a1c342ea42e?w=600&q=80&fit=crop	assets/photo-1620641788421-7a1c342ea42e-b344af67e277.jpg	10278	image/jpeg	
downloaded	https://images.unsplash.com/photo-1549490349-8643362247b5?w=600&q=80&fit=crop	assets/photo-1549490349-8643362247b5-fe493825cbb1.jpg	147944	image/jpeg	
downloaded	https://images.unsplash.com/photo-1553356084-58ef4a67b2a7?w=600&q=80&fit=crop	assets/photo-1553356084-58ef4a67b2a7-a53a66c382a6.jpg	86474	image/jpeg	
downloaded	https://images.unsplash.com/photo-1535713875002-d1d0cf377fde?w=600&q=80&fit=crop	assets/photo-1535713875002-d1d0cf377fde-d7449aa729ae.jpg	32377	image/jpeg	
downloaded	https://images.unsplash.com/photo-1614854262318-831574f15f1f?w=600&q=80&fit=crop	assets/photo-1614854262318-831574f15f1f-a87fd71d2b71.jpg	11136	image/jpeg	
downloaded	https://images.unsplash.com/photo-1611162617474-5b21e879e113?w=600&q=75&auto=format&fit=crop	assets/photo-1611162617474-5b21e879e113-781b59ed7f78.jpg	14240	image/jpeg	
downloaded	https://images.unsplash.com/photo-1499856871958-5b9627545d1a?w=600&q=75&auto=format&fit=crop	assets/photo-1499856871958-5b9627545d1a-a36fa795a149.jpg	66006	image/jpeg	
downloaded	https://images.unsplash.com/photo-1555421689-d68471e189f2?w=600&q=75&auto=format&fit=crop	assets/photo-1555421689-d68471e189f2-f79801657551.jpg	44008	image/jpeg	
downloaded	https://images.unsplash.com/photo-1578632767115-351597cf2477?w=600&q=75&auto=format&fit=crop	assets/photo-1578632767115-351597cf2477-4b0c71e93ce1.jpg	41365	image/jpeg	
downloaded	https://images.unsplash.com/photo-1504868584819-f8e8b4b6d7e3?w=600&q=75&auto=format&fit=crop	assets/photo-1504868584819-f8e8b4b6d7e3-83be826ac068.jpg	31171	image/jpeg	
downloaded	https://images.unsplash.com/photo-1485846234645-a62644f84728?w=600&q=75&auto=format&fit=crop	assets/photo-1485846234645-a62644f84728-e543ccc852cf.jpg	38076	image/jpeg	
downloaded	https://images.unsplash.com/photo-1551288049-bebda4e38f71?w=600&q=75&auto=format&fit=crop	assets/photo-1551288049-bebda4e38f71-de95d2c5b2a4.jpg	45255	image/jpeg	
downloaded	https://images.unsplash.com/photo-1639628735078-ed2f038a193e?w=600&q=75&auto=format&fit=crop	assets/photo-1639628735078-ed2f038a193e-e156f217307c.jpg	20589	image/jpeg	
downloaded	https://images.unsplash.com/photo-1634017839464-5c339ebe3cb4?w=600&q=75&auto=format&fit=crop	assets/photo-1634017839464-5c339ebe3cb4-88d0204e3f95.jpg	75972	image/jpeg	
downloaded	https://images.unsplash.com/photo-1518640467707-6811f4a6ab73?w=600&q=75&auto=format&fit=crop	assets/photo-1518640467707-6811f4a6ab73-0bcd1a635fee.jpg	73463	image/jpeg	
downloaded	https://images.unsplash.com/photo-1563089145-599997674d42?w=600&q=75&auto=format&fit=crop	assets/photo-1563089145-599997674d42-f5728392e555.jpg	59096	image/jpeg	
downloaded	https://images.unsplash.com/photo-1561070791-2526d30994b5?w=600&q=75&auto=format&fit=crop	assets/photo-1561070791-2526d30994b5-31598290f5b8.jpg	83232	image/jpeg	
downloaded	https://images.unsplash.com/photo-1550745165-9bc0b252726f?w=600&q=75&auto=format&fit=crop	assets/photo-1550745165-9bc0b252726f-e57fff6c0a1e.jpg	48239	image/jpeg	
downloaded	https://images.unsplash.com/photo-1516110833967-0b5716ca1387?w=600&q=75&auto=format&fit=crop	assets/photo-1516110833967-0b5716ca1387-0bdd21eee71d.jpg	56258	image/jpeg	
downloaded	https://images.unsplash.com/photo-1541746972996-4e0b0f43e02a?w=600&q=75&auto=format&fit=crop	assets/photo-1541746972996-4e0b0f43e02a-a6a3c75e3a8c.jpg	37975	image/jpeg	
downloaded	https://images.unsplash.com/photo-1519834785169-98be25ec3f84?w=600&q=75&auto=format&fit=crop	assets/photo-1519834785169-98be25ec3f84-d4fd07bda32e.jpg	66544	image/jpeg	
downloaded	https://images.unsplash.com/photo-1504214208698-ea1916a2195a?w=600&q=75&auto=format&fit=crop	assets/photo-1504214208698-ea1916a2195a-0b5355feda61.jpg	60571	image/jpeg	
downloaded	https://images.unsplash.com/photo-1574375927938-d5a98e8ffe85?w=600&q=75&auto=format&fit=crop	assets/photo-1574375927938-d5a98e8ffe85-0a64852846bd.jpg	16651	image/jpeg	
downloaded	https://images.unsplash.com/photo-1440404653325-ab127d49abc1?w=600&q=75&auto=format&fit=crop	assets/photo-1440404653325-ab127d49abc1-71d91b4969d0.jpg	58635	image/jpeg	
downloaded	https://images.unsplash.com/photo-1533488765986-dfa2a9939acd?w=600&q=75&auto=format&fit=crop	assets/photo-1533488765986-dfa2a9939acd-9c0e7afa2e85.jpg	63268	image/jpeg	
downloaded	https://images.unsplash.com/photo-1559136555-9303baea8ebd?w=600&q=75&auto=format&fit=crop	assets/photo-1559136555-9303baea8ebd-5f98c0585a92.jpg	80257	image/jpeg	
downloaded	https://images.unsplash.com/photo-1611532736597-de2d4265fba3?w=600&q=75&auto=format&fit=crop	assets/photo-1611532736597-de2d4265fba3-57ba272c2ed2.jpg	122826	image/jpeg	
downloaded	https://images.unsplash.com/photo-1575089776834-8be34696ffb9?w=600&q=75&auto=format&fit=crop	assets/photo-1575089776834-8be34696ffb9-a763da038e2e.jpg	68354	image/jpeg	
downloaded	https://images.unsplash.com/photo-1497366754035-f200968a6e72?w=600&q=75&auto=format&fit=crop	assets/photo-1497366754035-f200968a6e72-2425eb3af7db.jpg	47048	image/jpeg	
downloaded	https://images.unsplash.com/photo-1581091226825-a6a2a5aee158?w=600&q=75&auto=format&fit=crop	assets/photo-1581091226825-a6a2a5aee158-d1d3e6a0cbb5.jpg	68528	image/jpeg	
downloaded	https://images.unsplash.com/photo-1542744094-3a31f272c490?w=600&q=75&auto=format&fit=crop	assets/photo-1542744094-3a31f272c490-080845cbe002.jpg	48468	image/jpeg	
failed	https://res.cloudinary.com/de6izpjix/image/upload/v1776319083/image-154_erleyv.jpg		0		<HTTPError 401: 'Unauthorized'>
downloaded	https://res.cloudinary.com/dkzxw33ln/image/upload/q_auto/f_auto/v1776021183/grok_image_1776020283383_lmlya8.jpg	assets/grok_image_1776020283383_lmlya8-4dd2dd6daccf.jpg	84798	image/jpeg	
downloaded	https://res.cloudinary.com/dkzxw33ln/image/upload/q_auto/f_auto/v1776021173/grok_image_1776020244523_ydghh4.jpg	assets/grok_image_1776020244523_ydghh4-23736c50d43e.jpg	76391	image/jpeg	
failed	https://res.cloudinary.com/de6izpjix/image/upload/v1776319077/grok_image_1776258371184_byyaps.jpg		0		<HTTPError 401: 'Unauthorized'>
failed	https://res.cloudinary.com/de6izpjix/image/upload/v1776319076/grok_image_1776258364368_lkzzzk.jpg		0		<HTTPError 401: 'Unauthorized'>
failed	https://res.cloudinary.com/de6izpjix/image/upload/v1776319075/grok_image_1776258225666_2_x2v9wh.jpg		0		<HTTPError 401: 'Unauthorized'>
failed	https://res.cloudinary.com/de6izpjix/image/upload/v1776319073/grok_image_1776258214064_2_qjm8lg.jpg		0		<HTTPError 401: 'Unauthorized'>
failed	https://res.cloudinary.com/de6izpjix/image/upload/v1776319071/grok_image_1776258136143_2_czokmw.jpg		0		<HTTPError 401: 'Unauthorized'>
failed	https://res.cloudinary.com/de6izpjix/image/upload/v1776092902/grok_image_1776092615438_o0qxoa.jpg		0		<HTTPError 401: 'Unauthorized'>
failed	https://res.cloudinary.com/de6izpjix/image/upload/v1776163052/grok_image_1776162380264_2_xksl45.jpg		0		<HTTPError 401: 'Unauthorized'>
failed	https://res.cloudinary.com/de6izpjix/image/upload/v1776163094/grok_image_1776162420998_2_jlk1qq.jpg		0		<HTTPError 401: 'Unauthorized'>
failed	https://res.cloudinary.com/de6izpjix/image/upload/v1776163124/grok_image_1776162761374_2_pxvaur.jpg		0		<HTTPError 401: 'Unauthorized'>
failed	https://res.cloudinary.com/de6izpjix/image/upload/v1776163141/grok_image_1776162761374_2_jr1rjh.jpg		0		<HTTPError 401: 'Unauthorized'>
failed	https://res.cloudinary.com/de6izpjix/image/upload/v1776163161/grok_image_1776162765066_2_lhxgg4.jpg		0		<HTTPError 401: 'Unauthorized'>
failed	https://res.cloudinary.com/de6izpjix/image/upload/v1776319077/grok_image_1776258396457_aov1bp.jpg		0		<HTTPError 401: 'Unauthorized'>
failed	https://res.cloudinary.com/de6izpjix/image/upload/v1776319075/grok_image_1776258329967_qlckp4.jpg		0		<HTTPError 401: 'Unauthorized'>
failed	https://res.cloudinary.com/de6izpjix/image/upload/v1776319071/grok_image_1776258142338_2_fnb2hu.jpg		0		<HTTPError 401: 'Unauthorized'>
failed	https://res.cloudinary.com/de6izpjix/image/upload/v1776319071/grok_image_1776257729357_2_kje7xg.jpg		0		<HTTPError 401: 'Unauthorized'>
failed	https://res.cloudinary.com/de6izpjix/image/upload/v1776319070/grok_image_1776258048026_2_ihtdmz.jpg		0		<HTTPError 401: 'Unauthorized'>
failed	https://res.cloudinary.com/de6izpjix/image/upload/v1776319070/grok_image_1776257577410_2_squwco.jpg		0		<HTTPError 401: 'Unauthorized'>
failed	https://res.cloudinary.com/de6izpjix/image/upload/		0		<HTTPError 401: 'Unauthorized'>
failed	https://res.cloudinary.com/dkzxw33ln/image/upload/q_auto/f_auto/		0		<HTTPError 400: 'Bad Request'>
downloaded	https://images.unsplash.com/photo-1558494949-ef010cbdcc31?w=600&q=80	assets/photo-1558494949-ef010cbdcc31-65b53138e82e.jpg	52288	image/jpeg	
downloaded	https://images.unsplash.com/photo-1504711434969-e33886168f5c?w=600&q=80	assets/photo-1504711434969-e33886168f5c-346c2f057169.jpg	40253	image/jpeg	
downloaded	https://images.unsplash.com/photo-1451187580459-43490279c0fa?w=600&q=80	assets/photo-1451187580459-43490279c0fa-1c504a2e3071.jpg	41754	image/jpeg	
downloaded	https://images.unsplash.com/photo-1639322537228-f710d846310a?w=600&q=80	assets/photo-1639322537228-f710d846310a-9c3266124815.jpg	24510	image/jpeg	
downloaded	https://images.unsplash.com/photo-1526374965328-7f61d4dc18c5?w=600&q=80	assets/photo-1526374965328-7f61d4dc18c5-65d2de09c36c.jpg	59253	image/jpeg	
downloaded	https://images.unsplash.com/photo-1633265486064-086b219458ec?w=900&q=80	assets/photo-1633265486064-086b219458ec-f30b4825aeff.jpg	72346	image/jpeg	
downloaded	https://images.unsplash.com/photo-1589829085413-56de8ae18c73?w=600&q=80	assets/photo-1589829085413-56de8ae18c73-ad06d67834c0.jpg	22544	image/jpeg	
downloaded	https://images.unsplash.com/photo-1507679799987-c73779587ccf?w=600&q=80	assets/photo-1507679799987-c73779587ccf-39812e68d698.jpg	39055	image/jpeg	
downloaded	https://images.unsplash.com/photo-1521791136064-7986c2920216?w=600&q=80	assets/photo-1521791136064-7986c2920216-75e37db3c84f.jpg	35924	image/jpeg	
downloaded	https://images.unsplash.com/photo-1450101499163-c8848c66ca85?w=600&q=80	assets/photo-1450101499163-c8848c66ca85-ad39b19397f4.jpg	28117	image/jpeg	
downloaded	https://images.unsplash.com/photo-1568992688065-536aad8a12f6?w=600&q=80	assets/photo-1568992688065-536aad8a12f6-1bf06b0f1035.jpg	54597	image/jpeg	
downloaded	https://images.unsplash.com/photo-1589578527966-fdac0f44566c?w=900&q=80	assets/photo-1589578527966-fdac0f44566c-62e5d532bf60.jpg	104730	image/jpeg	
